depths,theta
0.15,0.012499999999999999
0.3,0.016666666666666666
0.45,0.017083333333333332
0.6,0.017916666666666668
0.75,0.016666666666666666
0.9,0.015833333333333335
1.05,0.015833333333333335
